"ID","year","country","assignment"
"AB284509",2000,"Zambia","Cosmopolitan AF1b"
"AB284510",1999,"Zambia","Cosmopolitan AF1b"
"AB284511",2000,"Zambia","Cosmopolitan AF1b"
"AB284512",2005,"Zambia","Cosmopolitan AF1b"
"AB284513",2005,"Zambia","Cosmopolitan AF1b"
"AB284514",2004,"Zambia","Cosmopolitan AF1b"
"AB284515",2000,"Zambia","Cosmopolitan AF1b"
"AB284516",2001,"Zambia","Cosmopolitan AF1b"
"AB285215",2000,"Zambia","Cosmopolitan AF1b"
"AY500827",2004,"Ethiopia","Cosmopolitan AF1a"
"AY854580",2000,"Iran","Cosmopolitan ME1a"
"AY854582",2000,"Iran","Cosmopolitan ME1a"
"AY854589",1990,"Mexico","Cosmopolitan AM2a"
"AY854593",2005,"Mexico","Cosmopolitan"
"DQ666322",2006,"China","Cosmopolitan"
"DQ837382",1997,"Israel","Cosmopolitan ME1a"
"DQ837383",1996,"Israel","Cosmopolitan ME1a"
"DQ837384",2003,"Israel","Cosmopolitan ME1a"
"DQ837385",2004,"Israel","Cosmopolitan ME1a"
"DQ837386",1996,"Israel","Cosmopolitan ME1a"
"DQ837387",2005,"Israel","Cosmopolitan ME1a"
"DQ837388",2000,"Israel","Cosmopolitan ME1a"
"DQ837389",2004,"Israel","Cosmopolitan ME1a"
"DQ837390",2004,"Israel","Cosmopolitan ME1a"
"DQ837391",1995,"Israel","Cosmopolitan ME1a"
"DQ837396",1998,"Israel","Cosmopolitan ME1a"
"DQ837397",1999,"Israel","Cosmopolitan ME1a"
"DQ837398",1996,"Israel","Cosmopolitan ME1a"
"DQ837399",1998,"Israel","Cosmopolitan ME1a"
"DQ837400",1996,"Israel","Cosmopolitan ME1a"
"DQ837401",1996,"Israel","Cosmopolitan ME1a"
"DQ837402",1999,"Israel","Cosmopolitan ME1a"
"DQ837403",1999,"Israel","Cosmopolitan ME1a"
"DQ837404",1999,"Israel","Cosmopolitan ME1a"
"DQ837405",1999,"Israel","Cosmopolitan ME1a"
"DQ837406",1996,"Israel","Cosmopolitan ME1a"
"DQ837407",1996,"Israel","Cosmopolitan ME1a"
"DQ837409",2001,"Israel","Cosmopolitan ME1a"
"DQ837410",2003,"Israel","Cosmopolitan ME1a"
"DQ837411",1998,"Israel","Cosmopolitan ME1a"
"DQ837414",2002,"Israel","Cosmopolitan ME1a"
"DQ837415",1998,"Israel","Cosmopolitan ME1a"
"DQ837416",1999,"Israel","Cosmopolitan ME1a"
"DQ837417",1997,"Israel","Cosmopolitan ME1a"
"DQ837418",2004,"Israel","Cosmopolitan ME1a"
"DQ837419",1997,"Israel","Cosmopolitan ME1a"
"DQ837420",2003,"Israel","Cosmopolitan ME1a"
"DQ837425",1998,"Jordan","Cosmopolitan ME1a"
"DQ837426",1998,"Jordan","Cosmopolitan ME1a"
"DQ837428",1998,"Israel","Cosmopolitan ME1a"
"DQ837429",1996,"Israel","Cosmopolitan ME1a"
"DQ837433",1996,"Israel","Cosmopolitan ME1a"
"DQ837434",1995,"Israel","Cosmopolitan ME1a"
"DQ837435",1999,"Israel","Cosmopolitan ME1a"
"DQ837438",1997,"Israel","Cosmopolitan ME1a"
"DQ837439",1997,"Israel","Cosmopolitan ME1a"
"DQ837440",1996,"Israel","Cosmopolitan ME1a"
"DQ837442",1998,"Israel","Cosmopolitan ME1a"
"DQ837444",1997,"Israel","Cosmopolitan ME1a"
"DQ837446",2000,"Israel","Cosmopolitan ME1a"
"DQ837448",1998,"Israel","Cosmopolitan ME1a"
"DQ837449",1998,"Israel","Cosmopolitan ME1a"
"DQ837451",2002,"Israel","Cosmopolitan ME1a"
"DQ837452",2004,"Israel","Cosmopolitan ME1a"
"DQ837456",1999,"Israel","Cosmopolitan ME1a"
"DQ837457",2000,"Israel","Cosmopolitan ME1a"
"DQ837458",1996,"Israel","Cosmopolitan ME1a"
"DQ837459",1999,"Israel","Cosmopolitan ME1a"
"DQ837460",1998,"Israel","Cosmopolitan ME1a"
"DQ837465",1997,"Lebanon","Cosmopolitan ME1a"
"DQ837466",2002,"Israel","Cosmopolitan ME1a"
"DQ837470",1998,"Israel","Cosmopolitan ME1a"
"DQ837471",1998,"Israel","Cosmopolitan ME1a"
"DQ837472",1996,"Israel","Cosmopolitan ME1a"
"DQ837473",1997,"Israel","Cosmopolitan ME1a"
"DQ837481",1997,"Israel","Cosmopolitan ME1a"
"DQ837482",2004,"Israel","Cosmopolitan ME1a"
"DQ837483",1997,"Israel","Cosmopolitan ME1a"
"DQ837484",1995,"Israel","Cosmopolitan ME1a"
"DQ837485",1996,"Israel","Cosmopolitan ME1a"
"DQ837487",2004,"Israel","Cosmopolitan ME1a"
"DQ875051",2006,"China","Cosmopolitan"
"DQ900547",1996,"Tanzania","Cosmopolitan AF1b"
"DQ900548",1996,"Tanzania","Cosmopolitan AF1b"
"DQ900549",1997,"Tanzania","Cosmopolitan AF1b"
"DQ900550",1997,"Tanzania","Cosmopolitan AF1b"
"DQ900552",1997,"Tanzania","Cosmopolitan AF1b"
"DQ900553",1998,"Tanzania","Cosmopolitan AF1b"
"DQ900554",1998,"Tanzania","Cosmopolitan AF1b"
"DQ900555",2001,"Tanzania","Cosmopolitan AF1b"
"DQ900556",2003,"Tanzania","Cosmopolitan AF1b"
"DQ900557",1997,"Tanzania","Cosmopolitan AF1b"
"DQ900558",2004,"Tanzania","Cosmopolitan AF1b"
"DQ900559",1997,"Tanzania","Cosmopolitan AF1b"
"DQ900560",1997,"Tanzania","Cosmopolitan AF1b"
"DQ900561",1994,"Tanzania","Cosmopolitan AF1b"
"DQ900563",1998,"Tanzania","Cosmopolitan AF1b"
"DQ900564",1998,"Tanzania","Cosmopolitan AF1b"
"DQ900565",1999,"Tanzania","Cosmopolitan AF1b"
"DQ900567",2004,"Tanzania","Cosmopolitan AF1b"
"DQ900568",2004,"Tanzania","Cosmopolitan AF1b"
"DQ900569",2004,"Tanzania","Cosmopolitan AF1b"
"DQ900570",2003,"Tanzania","Cosmopolitan AF1b"
"EF542830",2008,"Russia","Cosmopolitan"
"EU853573",1986,"Tunisia","Cosmopolitan AF1a"
"EU853574",1986,"Tunisia","Cosmopolitan AF1a"
"EU853575",1986,"Tunisia","Cosmopolitan AF1a"
"EU853576",1986,"Tunisia","Cosmopolitan AF1a"
"EU853577",1986,"Tunisia","Cosmopolitan AF1a"
"EU853578",1986,"Tunisia","Cosmopolitan AF1a"
"EU853579",1986,"Tunisia","Cosmopolitan AF1a"
"EU853580",1987,"Ethiopia","Cosmopolitan AF1a"
"EU853581",1988,"Ethiopia","Cosmopolitan AF1a"
"EU853582",1995,"Rwanda","Cosmopolitan AF1b"
"EU853583",1990,"Burundi","Cosmopolitan AF1b"
"FJ228526",2001,"Mexico","Cosmopolitan AM2a"
"FJ228527",2002,"Mexico","Cosmopolitan AM2a"
"FJ228531",1991,"Mexico","Cosmopolitan AM2a"
"FJ228532",1995,"Mexico","Cosmopolitan AM2a"
"FJ228533",2000,"Mexico","Cosmopolitan AM2a"
"FJ228543",2007,"Mexico","Cosmopolitan"
"FJ228544",2001,"Mexico","Cosmopolitan"
"FJ228545",2000,"Mexico","Cosmopolitan"
"GQ412744",1931,"China","Cosmopolitan"
"GU798102",1986,"Tunisia","Cosmopolitan AF1a"
"GU798103",1986,"Tunisia","Cosmopolitan AF1a"
"GU798104",1986,"Tunisia","Cosmopolitan AF1a"
"GU798105",1986,"Tunisia","Cosmopolitan AF1a"
"GU798106",1986,"Tunisia","Cosmopolitan AF1a"
"GU798107",1986,"Tunisia","Cosmopolitan AF1a"
"GU798108",1986,"Tunisia","Cosmopolitan AF1a"
"GU798113",2007,"Morocco","Cosmopolitan AF1a"
"GU798114",2007,"Morocco","Cosmopolitan AF1a"
"GU798115",2007,"Morocco","Cosmopolitan AF1a"
"GU798116",2008,"Morocco","Cosmopolitan AF1a"
"GU798117",2008,"Morocco","Cosmopolitan AF1a"
"GU798118",2007,"Morocco","Cosmopolitan AF1a"
"GU798119",2006,"Morocco","Cosmopolitan AF1a"
"GU798120",2007,"Morocco","Cosmopolitan AF1a"
"GU798121",2006,"Morocco","Cosmopolitan AF1a"
"GU798122",2003,"Morocco","Cosmopolitan AF1a"
"GU798123",2007,"Morocco","Cosmopolitan AF1a"
"GU798124",2007,"Morocco","Cosmopolitan AF1a"
"GU798127",2006,"Morocco","Cosmopolitan AF1a"
"GU798128",2007,"Morocco","Cosmopolitan AF1a"
"GU798129",2007,"Morocco","Cosmopolitan AF1a"
"GU798130",2008,"Morocco","Cosmopolitan AF1a"
"GU798131",2007,"Morocco","Cosmopolitan AF1a"
"GU798132",2004,"Morocco","Cosmopolitan AF1a"
"GU798133",2006,"Morocco","Cosmopolitan AF1a"
"GU798134",2007,"Morocco","Cosmopolitan AF1a"
"GU798135",2007,"Morocco","Cosmopolitan AF1a"
"GU798141",2004,"Morocco","Cosmopolitan AF1a"
"GU798144",2008,"Algeria","Cosmopolitan AF1a"
"GU798145",2008,"Algeria","Cosmopolitan AF1a"
"GU798146",2007,"Morocco","Cosmopolitan AF1a"
"GU798147",2008,"Morocco","Cosmopolitan AF1a"
"GU798148",2008,"Morocco","Cosmopolitan AF1a"
"GU798149",2007,"Morocco","Cosmopolitan AF1a"
"GU798150",2007,"Morocco","Cosmopolitan AF1a"
"GU798151",2007,"Morocco","Cosmopolitan AF1a"
"GU798152",2007,"Morocco","Cosmopolitan AF1a"
"GU798153",2007,"Morocco","Cosmopolitan AF1a"
"GU798154",2007,"Morocco","Cosmopolitan AF1a"
"GU798155",2008,"Morocco","Cosmopolitan AF1a"
"GU798156",2004,"Morocco","Cosmopolitan AF1a"
"GU798157",2007,"Morocco","Cosmopolitan AF1a"
"GU798158",2007,"Morocco","Cosmopolitan AF1a"
"GU798159",2007,"Morocco","Cosmopolitan AF1a"
"GU798160",2007,"Morocco","Cosmopolitan AF1a"
"GU798162",2007,"Morocco","Cosmopolitan AF1a"
"GU798163",2007,"Morocco","Cosmopolitan AF1a"
"GU798164",2007,"Morocco","Cosmopolitan AF1a"
"GU798165",2007,"Morocco","Cosmopolitan AF1a"
"GU798166",2007,"Morocco","Cosmopolitan AF1a"
"GU798167",2008,"Morocco","Cosmopolitan AF1a"
"GU798168",2008,"Morocco","Cosmopolitan AF1a"
"GU798169",2003,"Morocco","Cosmopolitan AF1a"
"GU798170",2007,"Morocco","Cosmopolitan AF1a"
"GU798171",2008,"Morocco","Cosmopolitan AF1a"
"GU798172",2008,"Morocco","Cosmopolitan AF1a"
"GU798173",2007,"Morocco","Cosmopolitan AF1a"
"GU798174",2007,"Morocco","Cosmopolitan AF1a"
"GU798175",2007,"Morocco","Cosmopolitan AF1a"
"GU798176",2007,"Morocco","Cosmopolitan AF1a"
"GU798177",2007,"Morocco","Cosmopolitan AF1a"
"GU798178",2007,"Morocco","Cosmopolitan AF1a"
"GU798179",2007,"Morocco","Cosmopolitan AF1a"
"GU798180",2007,"Morocco","Cosmopolitan AF1a"
"GU798181",2008,"Morocco","Cosmopolitan AF1a"
"GU798182",2007,"Morocco","Cosmopolitan AF1a"
"GU798183",2007,"Morocco","Cosmopolitan AF1a"
"GU798184",2007,"Morocco","Cosmopolitan AF1a"
"GU798185",2007,"Morocco","Cosmopolitan AF1a"
"GU798186",2007,"Morocco","Cosmopolitan AF1a"
"GU798187",2007,"Morocco","Cosmopolitan AF1a"
"GU798188",2007,"Morocco","Cosmopolitan AF1a"
"GU798189",2007,"Morocco","Cosmopolitan AF1a"
"GU798190",2007,"Morocco","Cosmopolitan AF1a"
"GU798191",2007,"Morocco","Cosmopolitan AF1a"
"GU798192",2008,"Italy","Cosmopolitan AF1a"
"GU798193",2003,"Morocco","Cosmopolitan AF1a"
"GU798194",2004,"Morocco","Cosmopolitan AF1a"
"GU798195",2007,"Morocco","Cosmopolitan AF1a"
"GU798210",2007,"Morocco","Cosmopolitan AF1a"
"GU798211",2007,"Morocco","Cosmopolitan AF1a"
"GU798212",2007,"Morocco","Cosmopolitan AF1a"
"GU798213",2007,"Morocco","Cosmopolitan AF1a"
"GU798214",2007,"Morocco","Cosmopolitan AF1a"
"GU798215",2007,"Morocco","Cosmopolitan AF1a"
"GU798216",2007,"Morocco","Cosmopolitan AF1a"
"GU798217",2007,"Morocco","Cosmopolitan AF1a"
"GU798218",2007,"Morocco","Cosmopolitan AF1a"
"GU798219",2007,"Morocco","Cosmopolitan AF1a"
"GU798220",2007,"Morocco","Cosmopolitan AF1a"
"GU798221",2008,"Morocco","Cosmopolitan AF1a"
"GU798222",2007,"Morocco","Cosmopolitan AF1a"
"GU798223",2007,"Morocco","Cosmopolitan AF1a"
"GU798224",2007,"Morocco","Cosmopolitan AF1a"
"GU798225",2007,"Morocco","Cosmopolitan AF1a"
"GU798226",2007,"Morocco","Cosmopolitan AF1a"
"GU798227",2007,"Morocco","Cosmopolitan AF1a"
"GU798228",2007,"Morocco","Cosmopolitan AF1a"
"GU798229",2007,"Morocco","Cosmopolitan AF1a"
"GU798230",2008,"Morocco","Cosmopolitan AF1a"
"GU798267",2007,"Algeria","Cosmopolitan AF1a"
"GU798268",2007,"Morocco","Cosmopolitan AF1a"
"GU798269",2007,"Morocco","Cosmopolitan AF1a"
"GU798270",2003,"Algeria","Cosmopolitan AF1a"
"GU798271",2007,"Morocco","Cosmopolitan AF1a"
"GU798272",2007,"Morocco","Cosmopolitan AF1a"
"GU798298",1991,"Algeria","Cosmopolitan AF1a"
"GU798299",2007,"Algeria","Cosmopolitan AF1a"
"GU798300",2003,"Algeria","Cosmopolitan AF1a"
"GU798301",2004,"Algeria","Cosmopolitan AF1a"
"GU798302",2004,"Algeria","Cosmopolitan AF1a"
"GU798303",2004,"Algeria","Cosmopolitan AF1a"
"GU798304",2002,"Algeria","Cosmopolitan AF1a"
"GU798305",2007,"Algeria","Cosmopolitan AF1a"
"GU798306",2008,"Algeria","Cosmopolitan AF1a"
"GU798307",2002,"Algeria","Cosmopolitan AF1a"
"GU798308",2007,"Algeria","Cosmopolitan AF1a"
"GU798309",2007,"Algeria","Cosmopolitan AF1a"
"GU798310",2007,"Algeria","Cosmopolitan AF1a"
"GU798311",2007,"Algeria","Cosmopolitan AF1a"
"GU798312",2004,"Algeria","Cosmopolitan AF1a"
"GU798313",2008,"Algeria","Cosmopolitan AF1a"
"GU798314",2007,"Algeria","Cosmopolitan AF1a"
"GU798315",2007,"Algeria","Cosmopolitan AF1a"
"GU798316",2001,"Algeria","Cosmopolitan AF1a"
"GU798317",2007,"Algeria","Cosmopolitan AF1a"
"GU798318",2001,"Algeria","Cosmopolitan AF1a"
"GU798319",2008,"Algeria","Cosmopolitan AF1a"
"GU798320",2008,"Algeria","Cosmopolitan AF1a"
"GU798321",2007,"Algeria","Cosmopolitan AF1a"
"GU798322",2007,"Algeria","Cosmopolitan AF1a"
"GU798323",2007,"Algeria","Cosmopolitan AF1a"
"GU798324",2007,"Algeria","Cosmopolitan AF1a"
"GU798325",2007,"Algeria","Cosmopolitan AF1a"
"GU798326",2007,"Algeria","Cosmopolitan AF1a"
"GU798327",2003,"Algeria","Cosmopolitan AF1a"
"GU798328",2003,"Algeria","Cosmopolitan AF1a"
"GU798329",2002,"Algeria","Cosmopolitan AF1a"
"GU798330",2004,"Algeria","Cosmopolitan AF1a"
"GU798331",2004,"Algeria","Cosmopolitan AF1a"
"GU798332",2003,"Algeria","Cosmopolitan AF1a"
"GU798333",2002,"Algeria","Cosmopolitan AF1a"
"GU798334",2002,"Algeria","Cosmopolitan AF1a"
"GU798335",2004,"Algeria","Cosmopolitan AF1a"
"GU798336",2007,"Algeria","Cosmopolitan AF1a"
"GU798337",2007,"Algeria","Cosmopolitan AF1a"
"GU798338",2004,"Algeria","Cosmopolitan AF1a"
"GU798339",2007,"Algeria","Cosmopolitan AF1a"
"GU798340",2008,"Algeria","Cosmopolitan AF1a"
"GU798341",2004,"Algeria","Cosmopolitan AF1a"
"GU798342",2004,"Algeria","Cosmopolitan AF1a"
"GU798343",2001,"Algeria","Cosmopolitan AF1a"
"GU798344",2003,"Algeria","Cosmopolitan AF1a"
"GU798345",2002,"Algeria","Cosmopolitan AF1a"
"GU798346",2002,"Algeria","Cosmopolitan AF1a"
"GU798347",2007,"Algeria","Cosmopolitan AF1a"
"GU798348",2001,"Algeria","Cosmopolitan AF1a"
"GU798349",2003,"Algeria","Cosmopolitan AF1a"
"GU798350",2007,"Algeria","Cosmopolitan AF1a"
"GU798351",2004,"Algeria","Cosmopolitan AF1a"
"GU798352",2003,"Algeria","Cosmopolitan AF1a"
"GU798353",2004,"Algeria","Cosmopolitan AF1a"
"GU798354",2008,"Algeria","Cosmopolitan AF1a"
"GU798355",2007,"Algeria","Cosmopolitan AF1a"
"GU798356",2007,"Algeria","Cosmopolitan AF1a"
"GU798357",2007,"Algeria","Cosmopolitan AF1a"
"GU798358",2007,"Algeria","Cosmopolitan AF1a"
"GU798359",2007,"Algeria","Cosmopolitan AF1a"
"GU798360",2008,"Algeria","Cosmopolitan AF1a"
"GU798361",2007,"Algeria","Cosmopolitan AF1a"
"GU798362",2008,"Algeria","Cosmopolitan AF1a"
"GU798363",2008,"Algeria","Cosmopolitan AF1a"
"GU798364",2008,"Algeria","Cosmopolitan AF1a"
"GU798365",2008,"Algeria","Cosmopolitan AF1a"
"GU798366",2008,"Algeria","Cosmopolitan AF1a"
"GU798367",2008,"Algeria","Cosmopolitan AF1a"
"GU798368",2008,"Algeria","Cosmopolitan AF1a"
"GU798369",2008,"Algeria","Cosmopolitan AF1a"
"GU798371",2001,"Algeria","Cosmopolitan AF1a"
"GU798372",2008,"Algeria","Cosmopolitan AF1a"
"GU798373",2008,"Algeria","Cosmopolitan AF1a"
"GU798374",2001,"Algeria","Cosmopolitan AF1a"
"GU798375",2003,"Algeria","Cosmopolitan AF1a"
"GU798376",2001,"Algeria","Cosmopolitan AF1a"
"GU798377",2002,"Algeria","Cosmopolitan AF1a"
"GU798378",2001,"Algeria","Cosmopolitan AF1a"
"GU798379",2002,"Algeria","Cosmopolitan AF1a"
"GU798380",2007,"Algeria","Cosmopolitan AF1a"
"GU798381",2001,"Algeria","Cosmopolitan AF1a"
"GU798382",2003,"Algeria","Cosmopolitan AF1a"
"GU798383",2004,"Algeria","Cosmopolitan AF1a"
"GU798384",2002,"Algeria","Cosmopolitan AF1a"
"GU798385",2001,"Algeria","Cosmopolitan AF1a"
"GU798386",2001,"Algeria","Cosmopolitan AF1a"
"GU798387",2004,"Algeria","Cosmopolitan AF1a"
"GU798388",2007,"Algeria","Cosmopolitan AF1a"
"GU992323",1976,"France","Cosmopolitan"
"HM179504",2006,"South Africa","Cosmopolitan AF1b"
"HM179505",2004,"South Africa","Cosmopolitan AF1b"
"HM179506",1996,"South Africa","Cosmopolitan AF1b"
"HM179507",2005,"South Africa","Cosmopolitan AF1b"
"HM179508",2005,"South Africa","Cosmopolitan AF1b"
"HQ829841",2009,"India","Cosmopolitan"
"JN234411",1931,"China","Cosmopolitan"
"JN561127",2009,"India","Cosmopolitan"
"KF155001",2009,"Morocco","Cosmopolitan AF1a"
"KF155002",2010,"Tanzania","Cosmopolitan AF1b"
"KJ957431",2011,"Grenada","Cosmopolitan"
"KJ957432",2011,"Grenada","Cosmopolitan"
"KJ957433",2011,"Grenada","Cosmopolitan"
"KJ957434",2011,"Grenada","Cosmopolitan"
"KJ957435",2011,"Grenada","Cosmopolitan"
"KJ957436",2011,"Grenada","Cosmopolitan"
"KJ957437",2011,"Grenada","Cosmopolitan"
"KJ957438",2011,"Grenada","Cosmopolitan"
"KJ957439",2011,"Grenada","Cosmopolitan"
"KJ957440",2011,"Grenada","Cosmopolitan"
"KJ957441",2012,"Grenada","Cosmopolitan"
"KJ957442",2012,"Grenada","Cosmopolitan"
"KJ957444",2012,"Grenada","Cosmopolitan"
"KJ957445",2012,"Grenada","Cosmopolitan"
"KJ957446",2013,"Grenada","Cosmopolitan"
"KJ957447",2013,"Grenada","Cosmopolitan"
"KJ957448",2013,"Grenada","Cosmopolitan"
"KJ957449",2013,"Grenada","Cosmopolitan"
"KJ957450",2013,"Grenada","Cosmopolitan"
"KJ957451",2013,"Grenada","Cosmopolitan"
"KJ957452",2013,"Grenada","Cosmopolitan"
"KM067274",2012,"Grenada","Cosmopolitan"
"KM198893",2014,"Russia","Cosmopolitan"
"KP723638",2014,"Ethiopia","Cosmopolitan AF1a"
"KR534217",2008,"Tanzania","Cosmopolitan AF1b"
"KR534218",2008,"Tanzania","Cosmopolitan AF1b"
"KR534219",2007,"Tanzania","Cosmopolitan AF1b"
"KR534220",2008,"Tanzania","Cosmopolitan AF1b"
"KR534228",2010,"Tanzania","Cosmopolitan AF1b"
"KR534229",2010,"Tanzania","Cosmopolitan AF1b"
"KR534230",2010,"Tanzania","Cosmopolitan AF1b"
"KR534231",2010,"Tanzania","Cosmopolitan AF1b"
"KR534232",2011,"Tanzania","Cosmopolitan AF1b"
"KR534233",2011,"Tanzania","Cosmopolitan AF1b"
"KR534234",2011,"Tanzania","Cosmopolitan AF1b"
"KR534235",2011,"Tanzania","Cosmopolitan AF1b"
"KR534236",2011,"Tanzania","Cosmopolitan AF1b"
"KR534237",2011,"Tanzania","Cosmopolitan AF1b"
"KR534238",2011,"Tanzania","Cosmopolitan AF1b"
"KR534244",2011,"Tanzania","Cosmopolitan AF1b"
"KR534245",2011,"Tanzania","Cosmopolitan AF1b"
"KR534246",2011,"Tanzania","Cosmopolitan AF1b"
"KR534247",2011,"Tanzania","Cosmopolitan AF1b"
"KR534248",2011,"Tanzania","Cosmopolitan AF1b"
"KR534249",2011,"Tanzania","Cosmopolitan AF1b"
"KR534250",2011,"Tanzania","Cosmopolitan AF1b"
"KR534251",2011,"Tanzania","Cosmopolitan AF1b"
"KR534252",2011,"Tanzania","Cosmopolitan AF1b"
"KR534253",2011,"Tanzania","Cosmopolitan AF1b"
"KR534254",2011,"Tanzania","Cosmopolitan AF1b"
"KR534256",2011,"Tanzania","Cosmopolitan AF1b"
"KR906734",2008,"Tanzania","Cosmopolitan AF1b"
"KR906735",2008,"Tanzania","Cosmopolitan AF1b"
"KR906736",2008,"Tanzania","Cosmopolitan AF1b"
"KR906737",2008,"Tanzania","Cosmopolitan AF1b"
"KR906738",2004,"Tanzania","Cosmopolitan AF1b"
"KR906739",2004,"Tanzania","Cosmopolitan AF1b"
"KR906740",2009,"Tanzania","Cosmopolitan AF1b"
"KR906741",2003,"Tanzania","Cosmopolitan AF1b"
"KR906742",2009,"Tanzania","Cosmopolitan AF1b"
"KR906743",2010,"Tanzania","Cosmopolitan AF1b"
"KR906744",2010,"Tanzania","Cosmopolitan AF1b"
"KR906745",2010,"Tanzania","Cosmopolitan AF1b"
"KR906746",2010,"Tanzania","Cosmopolitan AF1b"
"KR906747",2010,"Tanzania","Cosmopolitan AF1b"
"KR906748",2010,"Tanzania","Cosmopolitan AF1b"
"KR906749",2010,"Tanzania","Cosmopolitan AF1b"
"KR906750",2010,"Tanzania","Cosmopolitan AF1b"
"KR906751",2011,"Tanzania","Cosmopolitan AF1b"
"KR906752",2011,"Tanzania","Cosmopolitan AF1b"
"KR906753",2011,"Tanzania","Cosmopolitan AF1b"
"KR906754",2011,"Tanzania","Cosmopolitan AF1b"
"KR906755",2011,"Tanzania","Cosmopolitan AF1b"
"KR906756",2011,"Tanzania","Cosmopolitan AF1b"
"KR906757",2010,"Tanzania","Cosmopolitan AF1b"
"KR906758",2010,"Tanzania","Cosmopolitan AF1b"
"KR906759",2010,"Tanzania","Cosmopolitan AF1b"
"KR906760",2010,"Tanzania","Cosmopolitan AF1b"
"KR906761",2010,"Tanzania","Cosmopolitan AF1b"
"KR906762",2010,"Tanzania","Cosmopolitan AF1b"
"KR906763",2010,"Tanzania","Cosmopolitan AF1b"
"KR906764",2010,"Tanzania","Cosmopolitan AF1b"
"KR906765",2010,"Tanzania","Cosmopolitan AF1b"
"KR906766",2010,"Tanzania","Cosmopolitan AF1b"
"KR906767",2011,"Tanzania","Cosmopolitan AF1b"
"KR906768",2011,"Tanzania","Cosmopolitan AF1b"
"KR906769",2011,"Tanzania","Cosmopolitan AF1b"
"KR906770",2011,"Tanzania","Cosmopolitan AF1b"
"KR906771",2011,"Tanzania","Cosmopolitan AF1b"
"KR906772",2011,"Tanzania","Cosmopolitan AF1b"
"KR906773",2011,"Tanzania","Cosmopolitan AF1b"
"KR906774",2011,"Tanzania","Cosmopolitan AF1b"
"KR906775",2011,"Tanzania","Cosmopolitan AF1b"
"KR906776",2011,"Tanzania","Cosmopolitan AF1b"
"KR906777",2011,"Tanzania","Cosmopolitan AF1b"
"KR906778",2011,"Tanzania","Cosmopolitan AF1b"
"KR906779",2012,"Tanzania","Cosmopolitan AF1b"
"KR906780",2011,"Tanzania","Cosmopolitan AF1b"
"KR906781",2012,"Tanzania","Cosmopolitan AF1b"
"KR906782",2012,"Tanzania","Cosmopolitan AF1b"
"KR906783",2012,"Tanzania","Cosmopolitan AF1b"
"KR906784",2012,"Tanzania","Cosmopolitan AF1b"
"KR906785",2012,"Tanzania","Cosmopolitan AF1b"
"KR906786",2012,"Tanzania","Cosmopolitan AF1b"
"KR906787",2012,"Tanzania","Cosmopolitan AF1b"
"KR906788",2012,"Tanzania","Cosmopolitan AF1b"
"KR906789",2012,"Tanzania","Cosmopolitan AF1b"
"KR906790",2012,"Tanzania","Cosmopolitan AF1b"
"KR906791",2012,"Tanzania","Cosmopolitan AF1b"
"KR906792",2012,"Tanzania","Cosmopolitan AF1b"
"KT336432",2012,"South Africa","Cosmopolitan AF1b"
"KT336433",1991,"Zimbabwe","Cosmopolitan AF1b"
"KT336434",1992,"Zimbabwe","Cosmopolitan AF1b"
"KT336435",1993,"Zimbabwe","Cosmopolitan AF1b"
"KT336436",2012,"South Africa","Cosmopolitan AF1b"
"KT336437",2012,"South Africa","Cosmopolitan AF1b"
"KU938829",2012,"Peru","Cosmopolitan"
"KU963489",2005,"China","Cosmopolitan"
"KU963503",1986,"Tunisia","Cosmopolitan AF1a"
"KU963506",2001,"Japan","Cosmopolitan"
"KX148103",1981,"South Africa","Cosmopolitan AF1b"
"KX148104",1978,"Montenegro","Cosmopolitan YUGCOW"
"KX148177",1996,"Israel","Cosmopolitan ME1a"
"KX148178",1996,"Israel","Cosmopolitan ME1a"
"KX148179",1996,"Israel","Cosmopolitan ME1a"
"KX148180",1993,"Israel","Cosmopolitan ME1a"
"KX148181",1996,"Israel","Cosmopolitan ME1a"
"KX148182",1996,"Israel","Cosmopolitan ME1a"
"KX148183",1993,"Israel","Cosmopolitan ME1a"
"KX148184",1996,"Israel","Cosmopolitan ME1a"
"KX148187",1996,"Iran","Cosmopolitan ME1a"
"KX148188",1991,"Iran","Cosmopolitan ME1a"
"KX148189",1985,"Iran","Cosmopolitan ME1a"
"KX148190",1976,"Iran","Cosmopolitan ME1a"
"KX148191",1993,"Israel","Cosmopolitan ME1b"
"KX148192",1993,"Israel","Cosmopolitan ME1b"
"KX148193",2008,"Morocco","Cosmopolitan AF1a"
"KX148194",1989,"Morocco","Cosmopolitan AF1a"
"KX148195",2004,"Morocco","Cosmopolitan AF1a"
"KX148196",1990,"Morocco","Cosmopolitan AF1a"
"KX148197",2015,"Algeria","Cosmopolitan AF1a"
"KX148198",1993,"Somalia","Cosmopolitan AF1a"
"KX148199",1993,"Somalia","Cosmopolitan AF1a"
"KX148200",1988,"Ethiopia","Cosmopolitan AF1a"
"KX148201",1986,"Nigeria","Cosmopolitan AF1a"
"KX148202",1995,"Gabon","Cosmopolitan AF1a"
"KX148203",1986,"Mozambique","Cosmopolitan AF1b"
"KX148205",1994,"Rwanda","Cosmopolitan AF1b"
"KX148206",1996,"Tanzania","Cosmopolitan AF1b"
"KX148207",2014,"Kenya","Cosmopolitan AF1b"
"KX148208",1992,"Central African Republic","Cosmopolitan AF1b"
"KX148209",2004,"Madagascar","Cosmopolitan AF1c"
"KX148210",1998,"Madagascar","Cosmopolitan AF1c"
"KX148211",1986,"Madagascar","Cosmopolitan AF1c"
"KY210220",2008,"Tanzania","Cosmopolitan AF1b"
"KY210221",2008,"Tanzania","Cosmopolitan AF1b"
"KY210222",2009,"Tanzania","Cosmopolitan AF1b"
"KY210223",2007,"Tanzania","Cosmopolitan AF1b"
"KY210224",2010,"Tanzania","Cosmopolitan AF1b"
"KY210225",2011,"Tanzania","Cosmopolitan AF1b"
"KY210226",2011,"Tanzania","Cosmopolitan AF1b"
"KY210227",2011,"Tanzania","Cosmopolitan AF1b"
"KY210228",2011,"Tanzania","Cosmopolitan AF1b"
"KY210229",2011,"Tanzania","Cosmopolitan AF1b"
"KY210230",2011,"Tanzania","Cosmopolitan AF1b"
"KY210231",2011,"Tanzania","Cosmopolitan AF1b"
"KY210232",2011,"Tanzania","Cosmopolitan AF1b"
"KY210233",2011,"Tanzania","Cosmopolitan AF1b"
"KY210234",2011,"Tanzania","Cosmopolitan AF1b"
"KY210235",2011,"Tanzania","Cosmopolitan AF1b"
"KY210236",2011,"Tanzania","Cosmopolitan AF1b"
"KY210237",2011,"Tanzania","Cosmopolitan AF1b"
"KY210238",2011,"Tanzania","Cosmopolitan AF1b"
"KY210239",2011,"Tanzania","Cosmopolitan AF1b"
"KY210240",2011,"Tanzania","Cosmopolitan AF1b"
"KY210241",2011,"Tanzania","Cosmopolitan AF1b"
"KY210242",2011,"Tanzania","Cosmopolitan AF1b"
"KY210243",2011,"Tanzania","Cosmopolitan AF1b"
"KY210244",2011,"Tanzania","Cosmopolitan AF1b"
"KY210245",2012,"Tanzania","Cosmopolitan AF1b"
"KY210246",2012,"Tanzania","Cosmopolitan AF1b"
"KY210247",2012,"Tanzania","Cosmopolitan AF1b"
"KY210248",2012,"Tanzania","Cosmopolitan AF1b"
"KY210249",2012,"Tanzania","Cosmopolitan AF1b"
"KY210250",2012,"Tanzania","Cosmopolitan AF1b"
"KY210251",2012,"Tanzania","Cosmopolitan AF1b"
"KY210252",2012,"Tanzania","Cosmopolitan AF1b"
"KY210253",2013,"Tanzania","Cosmopolitan AF1b"
"KY210254",2013,"Tanzania","Cosmopolitan AF1b"
"KY210255",2013,"Tanzania","Cosmopolitan AF1b"
"KY210256",2013,"Tanzania","Cosmopolitan AF1b"
"KY210257",2013,"Tanzania","Cosmopolitan AF1b"
"KY210258",2013,"Tanzania","Cosmopolitan AF1b"
"KY210259",2013,"Tanzania","Cosmopolitan AF1b"
"KY210260",2013,"Tanzania","Cosmopolitan AF1b"
"KY210261",2013,"Tanzania","Cosmopolitan AF1b"
"KY210262",2013,"Tanzania","Cosmopolitan AF1b"
"KY210263",2013,"Tanzania","Cosmopolitan AF1b"
"KY210264",2013,"Tanzania","Cosmopolitan AF1b"
"KY210265",2013,"Tanzania","Cosmopolitan AF1b"
"KY210266",2013,"Tanzania","Cosmopolitan AF1b"
"KY210267",2013,"Tanzania","Cosmopolitan AF1b"
"KY210268",2013,"Tanzania","Cosmopolitan AF1b"
"KY210269",2013,"Tanzania","Cosmopolitan AF1b"
"KY210270",2013,"Tanzania","Cosmopolitan AF1b"
"KY210271",2013,"Tanzania","Cosmopolitan AF1b"
"KY210272",2013,"Tanzania","Cosmopolitan AF1b"
"KY210273",2013,"Tanzania","Cosmopolitan AF1b"
"KY210274",2013,"Tanzania","Cosmopolitan AF1b"
"KY210275",2013,"Tanzania","Cosmopolitan AF1b"
"KY210276",2013,"Tanzania","Cosmopolitan AF1b"
"KY210277",2011,"Tanzania","Cosmopolitan AF1b"
"KY210278",2011,"Tanzania","Cosmopolitan AF1b"
"KY210279",2011,"Tanzania","Cosmopolitan AF1b"
"KY210280",2012,"Tanzania","Cosmopolitan AF1b"
"KY210281",2012,"Tanzania","Cosmopolitan AF1b"
"KY210282",2012,"Tanzania","Cosmopolitan AF1b"
"KY210283",2012,"Tanzania","Cosmopolitan AF1b"
"KY210284",2012,"Tanzania","Cosmopolitan AF1b"
"KY210285",2012,"Tanzania","Cosmopolitan AF1b"
"KY210286",2011,"Tanzania","Cosmopolitan AF1b"
"KY210287",2012,"Tanzania","Cosmopolitan AF1b"
"KY210288",2012,"Tanzania","Cosmopolitan AF1b"
"KY210289",2012,"Tanzania","Cosmopolitan AF1b"
"KY210290",2012,"Tanzania","Cosmopolitan AF1b"
"KY210291",2012,"Tanzania","Cosmopolitan AF1b"
"KY210292",2012,"Tanzania","Cosmopolitan AF1b"
"KY210293",2012,"Tanzania","Cosmopolitan AF1b"
"KY210294",2012,"Tanzania","Cosmopolitan AF1b"
"KY210295",2012,"Tanzania","Cosmopolitan AF1b"
"KY210296",2012,"Tanzania","Cosmopolitan AF1b"
"KY210297",2012,"Tanzania","Cosmopolitan AF1b"
"KY210298",2012,"Tanzania","Cosmopolitan AF1b"
"KY210299",2012,"Tanzania","Cosmopolitan AF1b"
"KY210300",2012,"Tanzania","Cosmopolitan AF1b"
"KY210301",2012,"Tanzania","Cosmopolitan AF1b"
"KY210302",2012,"Tanzania","Cosmopolitan AF1b"
"KY210303",2012,"Tanzania","Cosmopolitan AF1b"
"KY210304",2012,"Tanzania","Cosmopolitan AF1b"
"KY210305",2012,"Tanzania","Cosmopolitan AF1b"
"KY210306",2012,"Tanzania","Cosmopolitan AF1b"
"KY210307",2012,"Tanzania","Cosmopolitan AF1b"
"KY210308",2012,"Tanzania","Cosmopolitan AF1b"
"KY210309",2012,"Tanzania","Cosmopolitan AF1b"
"KY210310",2012,"Tanzania","Cosmopolitan AF1b"
"KY210311",2012,"Tanzania","Cosmopolitan AF1b"
"KY553256",2005,"South Africa","Cosmopolitan AF1b"
"KY553257",1996,"South Africa","Cosmopolitan AF1b"
"KY553258",2009,"South Africa","Cosmopolitan AF1b"
"KY553259",1991,"South Africa","Cosmopolitan AF1b"
"KY553260",2002,"South Africa","Cosmopolitan AF1b"
"KY553261",1994,"South Africa","Cosmopolitan AF1b"
"KY553262",2006,"South Africa","Cosmopolitan AF1b"
"KY553263",2000,"South Africa","Cosmopolitan AF1b"
"KY553264",1997,"South Africa","Cosmopolitan AF1b"
"KY553265",1990,"Zimbabwe","Cosmopolitan AF1b"
"KY553267",1992,"Zimbabwe","Cosmopolitan AF1b"
"KY553268",1992,"Zimbabwe","Cosmopolitan AF1b"
"KY553269",1992,"Zimbabwe","Cosmopolitan AF1b"
"KY553270",1994,"Zimbabwe","Cosmopolitan AF1b"
"KY553271",1994,"Zimbabwe","Cosmopolitan AF1b"
"KY553272",1992,"Zimbabwe","Cosmopolitan AF1b"
"KY563717",1994,"Zimbabwe","Cosmopolitan AF1b"
"KY563718",1994,"Zimbabwe","Cosmopolitan AF1b"
"KY860604",2000,"Turkey","Cosmopolitan ME1a"
"KY860605",2001,"Turkey","Cosmopolitan ME1a"
"KY860606",2001,"Turkey","Cosmopolitan ME1a"
"KY860611",2001,"Turkey","Cosmopolitan ME1a"
"LC029889",2009,"Uganda","Cosmopolitan AF1b"
"LC029893",2012,"Uganda","Cosmopolitan AF1b"
"LC029897",2012,"Uganda","Cosmopolitan AF1b"
"LT909528",2009,"-","Cosmopolitan AF1b"
"LT909529",1984,"-","Cosmopolitan AF1a"
"LT909531",1993,"-","Cosmopolitan AF1a"
"LT909534",1997,"-","Cosmopolitan AF1b"
"LT909535",1989,"-","Cosmopolitan AF1a"
"LT909536",2001,"-","Cosmopolitan AF1b"
"LT909542",1984,"-","Cosmopolitan AF1a"
"LT909546",1988,"-","Cosmopolitan AF1a"
"LT909551",1992,"-","Cosmopolitan AF1a"
"MG458309",1978,"Serbia","Cosmopolitan YUGCOW"
"MG458318",2008,"South Africa","Cosmopolitan AF1b"
"MG458319",2012,"Grenada","Cosmopolitan"
"MK760680",2008,"Iran","Cosmopolitan ME1a"
"MK760687",2009,"Iran","Cosmopolitan ME1a"
"MK760691",2009,"Iran","Cosmopolitan ME1a"
"MK760719",2013,"Iran","Cosmopolitan ME1a"
"MK956097",2015,"Brazil","Cosmopolitan"
"MK981888",1993,"Tunisia","Cosmopolitan AF1a"
"MN726802",2016,"Tanzania","Cosmopolitan AF1b"
"MN726803",2018,"Tanzania","Cosmopolitan AF1b"
"MN726804",2015,"Tanzania","Cosmopolitan AF1b"
"MN726805",2017,"Kenya","Cosmopolitan AF1a"
"MN726806",2017,"Tanzania","Cosmopolitan AF1b"
"MN726807",2017,"Tanzania","Cosmopolitan AF1b"
"MN726808",2016,"Tanzania","Cosmopolitan AF1b"
"MN726809",2016,"Tanzania","Cosmopolitan AF1b"
"MN726810",2015,"Kenya","Cosmopolitan AF1a"
"MN726811",2017,"Tanzania","Cosmopolitan AF1b"
"MN726812",2017,"Kenya","Cosmopolitan AF1a"
"MN726813",2017,"Tanzania","Cosmopolitan AF1b"
"MN726814",2018,"Kenya","Cosmopolitan AF1b"
"MN726815",2015,"Tanzania","Cosmopolitan AF1b"
"MN726816",2018,"Kenya","Cosmopolitan AF1b"
"MN726817",2016,"Tanzania","Cosmopolitan AF1b"
"MN726818",2015,"Tanzania","Cosmopolitan AF1b"
"MN726819",2013,"Kenya","Cosmopolitan AF1a"
"MN726820",2017,"Tanzania","Cosmopolitan AF1b"
"MN726821",2018,"Kenya","Cosmopolitan AF1b"
"MN726822",2018,"Tanzania","Cosmopolitan AF1b"
"MN726823",2017,"Tanzania","Cosmopolitan AF1b"
"MN726824",2016,"Tanzania","Cosmopolitan AF1b"
"MN726825",2015,"Tanzania","Cosmopolitan AF1b"
"MN726826",2016,"Tanzania","Cosmopolitan AF1b"
"MN726827",2017,"Tanzania","Cosmopolitan AF1b"
"MN726828",2017,"Tanzania","Cosmopolitan AF1b"
"MN726829",2017,"Tanzania","Cosmopolitan AF1b"
"MN726830",2018,"Kenya","Cosmopolitan AF1a"
"MN726831",2013,"Kenya","Cosmopolitan AF1b"
"MN726832",2017,"Tanzania","Cosmopolitan AF1b"
"MN726833",2017,"Tanzania","Cosmopolitan AF1b"
"MN726834",2017,"Tanzania","Cosmopolitan AF1b"
"MN726835",2017,"Tanzania","Cosmopolitan AF1b"
"MT454631",2015,"South Africa","Cosmopolitan AF1b"
"MT454634",2015,"South Africa","Cosmopolitan AF1b"
"MT454635",2015,"South Africa","Cosmopolitan AF1b"
"MT454636",2016,"South Africa","Cosmopolitan AF1b"
"MT454637",2016,"South Africa","Cosmopolitan AF1b"
"MT454639",2016,"South Africa","Cosmopolitan AF1b"
"MT454641",2016,"South Africa","Cosmopolitan AF1b"
"MT454644",2017,"South Africa","Cosmopolitan AF1b"
"MT454648",2017,"South Africa","Cosmopolitan AF1b"
"MT454652",2017,"South Africa","Cosmopolitan AF1b"
"MT454653",2017,"South Africa","Cosmopolitan AF1b"
"MT454654",2017,"South Africa","Cosmopolitan AF1b"
"U22482",1986,"-","Cosmopolitan ME1a"
"U22484",1986,"-","Cosmopolitan AF1b"
"U22488",1995,"-","Cosmopolitan AF1b"
"U22632",1987,"-","Cosmopolitan AF1b"
"U22633",1981,"-","Cosmopolitan AF1b"
"U22637",1995,"-","Cosmopolitan AF1a"
"U22643",1982,"-","Cosmopolitan AF1a"
"U22645",1992,"-","Cosmopolitan AF1b"
"U22647",1992,"-","Cosmopolitan AF1b"
"U22648",1995,"-","Cosmopolitan AF1b"
"U22841",1991,"-","Cosmopolitan AM2a"
"AB010494",1998,"-","Cosmopolitan"
"AB044824",2000,"-","Cosmopolitan"
"AB128149",2003,"-","Cosmopolitan"
"AB178891",2004,"Japan","Cosmopolitan"
"AF155039",1999,"China","Cosmopolitan"
"D16331",1993,"-","Cosmopolitan"
"FJ561729",2008,"China","Cosmopolitan"
"FJ561730",2008,"China","Cosmopolitan"
"FJ561731",2008,"China","Cosmopolitan"
"FJ561732",2008,"China","Cosmopolitan"
"GU992318",1997,"China","Cosmopolitan"
"LC717415",1981,"Japan","Cosmopolitan"
"LC717416",1965,"Japan","Cosmopolitan"
"LC717419",1948,"Japan","Cosmopolitan"
"OM971005",2020,"Mexico","Cosmopolitan"
"MW055118",2018,"Kenya","Cosmopolitan AF1a"
"MW055119",2018,"Kenya","Cosmopolitan AF1a"
"MW055120",2018,"Kenya","Cosmopolitan AF1a"
"MW055121",2018,"Kenya","Cosmopolitan AF1a"
"MW055122",2018,"Kenya","Cosmopolitan AF1a"
"MW055123",2018,"Kenya","Cosmopolitan AF1a"
"MW055115",2018,"Kenya","Cosmopolitan AF1b"
"MW055116",2018,"Kenya","Cosmopolitan AF1b"
"MW055117",2018,"Kenya","Cosmopolitan AF1b"
"DQ420623",2004,"Madagascar","Cosmopolitan AF1c"
"MZ391109",2020,"Turkey","Cosmopolitan ME1a"
"DQ837430",1997,"Israel","Cosmopolitan ME1b"
"DQ837441",1997,"Israel","Cosmopolitan ME1b"
"DQ837443",2000,"Israel","Cosmopolitan ME1b"
"2021153276",2022,"Kenya","Cosmopolitan AF1a"
"Z0083175",2019,"Kenya","Cosmopolitan AF1a"
"Z00861806",2022,"Kenya","Cosmopolitan AF1a"
"Z00861807",2022,"Kenya","Cosmopolitan AF1a"
"Z00861808",2022,"Kenya","Cosmopolitan AF1a"
"Z00861809",2022,"Kenya","Cosmopolitan AF1a"
"Z00861810",2022,"Kenya","Cosmopolitan AF1a"
"Z00861811",2022,"Kenya","Cosmopolitan AF1a"
"Z00861815",2022,"Kenya","Cosmopolitan AF1a"
"Z00861816",2022,"Kenya","Cosmopolitan AF1a"
"Z00861820",2022,"Kenya","Cosmopolitan AF1a"
"Z00861823",2022,"Kenya","Cosmopolitan AF1a"
"Z00861824",2022,"Kenya","Cosmopolitan AF1a"
"Z00861826",2022,"Kenya","Cosmopolitan AF1a"
"Z00861827",2022,"Kenya","Cosmopolitan AF1a"
"Z00861829",2022,"Kenya","Cosmopolitan AF1a"
"Z00861831",2022,"Kenya","Cosmopolitan AF1a"
"Z00861832",2022,"Kenya","Cosmopolitan AF1a"
"Z00861834",2022,"Kenya","Cosmopolitan AF1a"
"Z00861835",2022,"Kenya","Cosmopolitan AF1a"
"Z00861836",2022,"Kenya","Cosmopolitan AF1a"
"Z00861837",2022,"Kenya","Cosmopolitan AF1a"
"Z00861838",2022,"Kenya","Cosmopolitan AF1a"
"Z00861839",2021,"Kenya","Cosmopolitan AF1a"
"Z00861840",2021,"Kenya","Cosmopolitan AF1a"
"Z00861841",2021,"Kenya","Cosmopolitan AF1a"
"Z00861842",2021,"Kenya","Cosmopolitan AF1a"
"Z00861843",2021,"Kenya","Cosmopolitan AF1a"
"Z00861844",2021,"Kenya","Cosmopolitan AF1a"
"Z00861845",2021,"Kenya","Cosmopolitan AF1a"
"Z00861846",2021,"Kenya","Cosmopolitan AF1a"
"Z00861847",2021,"Kenya","Cosmopolitan AF1a"
"Z00861850",2021,"Kenya","Cosmopolitan AF1a"
"Z00861851",2021,"Kenya","Cosmopolitan AF1a"
"Z00861852",2021,"Kenya","Cosmopolitan AF1a"
"Z00861853",2021,"Kenya","Cosmopolitan AF1a"
"Z00861854",2021,"Kenya","Cosmopolitan AF1a"
"Z00861855",2021,"Kenya","Cosmopolitan AF1a"
"Z00861858",2021,"Kenya","Cosmopolitan AF1a"
"Z00861859",2021,"Kenya","Cosmopolitan AF1a"
"Z00861860",2021,"Kenya","Cosmopolitan AF1a"
"Z00861862",2021,"Kenya","Cosmopolitan AF1a"
"Z00861863",2021,"Kenya","Cosmopolitan AF1a"
"Z00861864",2021,"Kenya","Cosmopolitan AF1a"
"Z00861865",2021,"Kenya","Cosmopolitan AF1a"
"Z00861867",2021,"Kenya","Cosmopolitan AF1a"
"Z00861869",2021,"Kenya","Cosmopolitan AF1a"
"Z00861870",2021,"Kenya","Cosmopolitan AF1a"
"Z00861871",2021,"Kenya","Cosmopolitan AF1a"
"Z00861872",2021,"Kenya","Cosmopolitan AF1a"
"Z00861874",2021,"Kenya","Cosmopolitan AF1a"
"Z00861875",2021,"Kenya","Cosmopolitan AF1a"
"Z00861877",2021,"Kenya","Cosmopolitan AF1a"
"Z00865560",2022,"Kenya","Cosmopolitan AF1a"
"Z00865561",2022,"Kenya","Cosmopolitan AF1a"
"Z00865562",2022,"Kenya","Cosmopolitan AF1a"
"Z00865563",2022,"Kenya","Cosmopolitan AF1a"
"Z00865564",2022,"Kenya","Cosmopolitan AF1a"
"Z00865566",2022,"Kenya","Cosmopolitan AF1a"
"Z00865570",2022,"Kenya","Cosmopolitan AF1a"
"Z00865571",2022,"Kenya","Cosmopolitan AF1a"
"2010818843",2013,"Kenya","Cosmopolitan AF1a"
"2011100186",2017,"Kenya","Cosmopolitan AF1a"
"2011100075",2018,"Kenya","Cosmopolitan AF1b"
"02196160414A",2019,"Kenya","Cosmopolitan AF1b"
"AR02",2021,"Tanzania","Cosmopolitan AF1b"
"AR03",2022,"Tanzania","Cosmopolitan AF1b"
"HB002",2019,"Tanzania","Cosmopolitan AF1b"
"IFA1013",2022,"Tanzania","Cosmopolitan AF1b"
"IFA1021",2022,"Tanzania","Cosmopolitan AF1b"
"IFA1023",2022,"Tanzania","Cosmopolitan AF1b"
"KD1004",2022,"Tanzania","Cosmopolitan AF1b"
"KIL1022",2022,"Tanzania","Cosmopolitan AF1b"
"LN001",2021,"Tanzania","Cosmopolitan AF1b"
"LN002",2021,"Tanzania","Cosmopolitan AF1b"
"LN003",2021,"Tanzania","Cosmopolitan AF1b"
"LN004",2018,"Tanzania","Cosmopolitan AF1b"
"LN006",2021,"Tanzania","Cosmopolitan AF1b"
"LN007",2021,"Tanzania","Cosmopolitan AF1b"
"MAL1008",2022,"Tanzania","Cosmopolitan AF1b"
"MAL1009",2022,"Tanzania","Cosmopolitan AF1b"
"MAL1020",2022,"Tanzania","Cosmopolitan AF1b"
"MAS1016",2022,"Tanzania","Cosmopolitan AF1b"
"MORDC1011",2022,"Tanzania","Cosmopolitan AF1b"
"MR001",2020,"Tanzania","Cosmopolitan AF1b"
"MR002",2021,"Tanzania","Cosmopolitan AF1b"
"MR003",2021,"Tanzania","Cosmopolitan AF1b"
"MR004",2021,"Tanzania","Cosmopolitan AF1b"
"MR005",2020,"Tanzania","Cosmopolitan AF1b"
"MR006",2020,"Tanzania","Cosmopolitan AF1b"
"MR007",2021,"Tanzania","Cosmopolitan AF1b"
"MR008",2018,"Tanzania","Cosmopolitan AF1b"
"MR009",2019,"Tanzania","Cosmopolitan AF1b"
"MT001",2020,"Tanzania","Cosmopolitan AF1b"
"MT004",2022,"Tanzania","Cosmopolitan AF1b"
"MT005",2022,"Tanzania","Cosmopolitan AF1b"
"MT006",2018,"Tanzania","Cosmopolitan AF1b"
"NAC1014",2022,"Tanzania","Cosmopolitan AF1b"
"NAC1015",2022,"Tanzania","Cosmopolitan AF1b"
"NAC1017",2022,"Tanzania","Cosmopolitan AF1b"
"NAC1018",2022,"Tanzania","Cosmopolitan AF1b"
"NAC1025",2022,"Tanzania","Cosmopolitan AF1b"
"RB001",2019,"Tanzania","Cosmopolitan AF1b"
"RB002",2019,"Tanzania","Cosmopolitan AF1b"
"RB003",2019,"Tanzania","Cosmopolitan AF1b"
"RB004",2021,"Tanzania","Cosmopolitan AF1b"
"SD712",2018,"Tanzania","Cosmopolitan AF1b"
"SD716",2018,"Tanzania","Cosmopolitan AF1b"
"SD734",2018,"Tanzania","Cosmopolitan AF1b"
"SD735",2020,"Tanzania","Cosmopolitan AF1b"
"SD736",2020,"Tanzania","Cosmopolitan AF1b"
"SD737",2020,"Tanzania","Cosmopolitan AF1b"
"SD738",2018,"Tanzania","Cosmopolitan AF1b"
"SD740",2019,"Tanzania","Cosmopolitan AF1b"
"SD741",2019,"Tanzania","Cosmopolitan AF1b"
"SD743",2019,"Tanzania","Cosmopolitan AF1b"
"SD744",2019,"Tanzania","Cosmopolitan AF1b"
"SD745",2019,"Tanzania","Cosmopolitan AF1b"
"SD746",2019,"Tanzania","Cosmopolitan AF1b"
"SD747",2019,"Tanzania","Cosmopolitan AF1b"
"SD749",2019,"Tanzania","Cosmopolitan AF1b"
"SD750",2019,"Tanzania","Cosmopolitan AF1b"
"SD751",2019,"Tanzania","Cosmopolitan AF1b"
"SD753",2019,"Tanzania","Cosmopolitan AF1b"
"SD754",2020,"Tanzania","Cosmopolitan AF1b"
"SD755",2021,"Tanzania","Cosmopolitan AF1b"
"SD756",2021,"Tanzania","Cosmopolitan AF1b"
"SD759",2019,"Tanzania","Cosmopolitan AF1b"
"SD760",2020,"Tanzania","Cosmopolitan AF1b"
"SD761",2020,"Tanzania","Cosmopolitan AF1b"
"SD763",2020,"Tanzania","Cosmopolitan AF1b"
"SD764",2021,"Tanzania","Cosmopolitan AF1b"
"SD766",2020,"Tanzania","Cosmopolitan AF1b"
"SD767",2020,"Tanzania","Cosmopolitan AF1b"
"SD782",2021,"Tanzania","Cosmopolitan AF1b"
"SD785",2021,"Tanzania","Cosmopolitan AF1b"
"SD789",2020,"Tanzania","Cosmopolitan AF1b"
"SD790",2021,"Tanzania","Cosmopolitan AF1b"
"SD791",2020,"Tanzania","Cosmopolitan AF1b"
"SD792",2021,"Tanzania","Cosmopolitan AF1b"
"SD793",2021,"Tanzania","Cosmopolitan AF1b"
"SD799",2021,"Tanzania","Cosmopolitan AF1b"
"SD801",2021,"Tanzania","Cosmopolitan AF1b"
"SD802",2021,"Tanzania","Cosmopolitan AF1b"
"SD804",2021,"Tanzania","Cosmopolitan AF1b"
"SD806",2021,"Tanzania","Cosmopolitan AF1b"
"SD807",2021,"Tanzania","Cosmopolitan AF1b"
"SD809",2021,"Tanzania","Cosmopolitan AF1b"
"SD810",2021,"Tanzania","Cosmopolitan AF1b"
"SD812",2021,"Tanzania","Cosmopolitan AF1b"
"SD813",2021,"Tanzania","Cosmopolitan AF1b"
"SD815",2021,"Tanzania","Cosmopolitan AF1b"
"SD816",2022,"Tanzania","Cosmopolitan AF1b"
"SD817",2022,"Tanzania","Cosmopolitan AF1b"
"SD818",2022,"Tanzania","Cosmopolitan AF1b"
"SD821",2022,"Tanzania","Cosmopolitan AF1b"
"SD823",2022,"Tanzania","Cosmopolitan AF1b"
"SD825",2022,"Tanzania","Cosmopolitan AF1b"
"SD826",2022,"Tanzania","Cosmopolitan AF1b"
"SD827",2022,"Tanzania","Cosmopolitan AF1b"
"SD828",2022,"Tanzania","Cosmopolitan AF1b"
"SD830",2022,"Tanzania","Cosmopolitan AF1b"
"SD831",2022,"Tanzania","Cosmopolitan AF1b"
"SD832",2022,"Tanzania","Cosmopolitan AF1b"
"SD834",2022,"Tanzania","Cosmopolitan AF1b"
"SD835",2022,"Tanzania","Cosmopolitan AF1b"
"SD837",2022,"Tanzania","Cosmopolitan AF1b"
"SD846",2022,"Tanzania","Cosmopolitan AF1b"
"TAN1019",2022,"Tanzania","Cosmopolitan AF1b"
"Z0083186",2018,"Kenya","Cosmopolitan AF1b"
"Z0083192",2020,"Kenya","Cosmopolitan AF1b"
"Z0083197",2021,"Kenya","Cosmopolitan AF1b"
"Z0083198",2021,"Kenya","Cosmopolitan AF1b"
"Z0083200",2021,"Kenya","Cosmopolitan AF1b"
"Z0083201",2021,"Kenya","Cosmopolitan AF1b"
"Z0083202",2021,"Kenya","Cosmopolitan AF1b"
"Z0083203",2021,"Kenya","Cosmopolitan AF1b"
"Z0083204",2021,"Kenya","Cosmopolitan AF1b"
"Z0083205",2021,"Kenya","Cosmopolitan AF1b"
"Z0083214",2021,"Kenya","Cosmopolitan AF1b"
"Z0083215",2021,"Kenya","Cosmopolitan AF1b"
"Z0083216",2021,"Kenya","Cosmopolitan AF1b"
"Z0083218",2021,"Kenya","Cosmopolitan AF1b"
"Z0083219",2021,"Kenya","Cosmopolitan AF1b"
"Z0083220",2021,"Kenya","Cosmopolitan AF1b"
"Z0083221",2021,"Kenya","Cosmopolitan AF1b"
"Z0083222",2021,"Kenya","Cosmopolitan AF1b"
"Z0083223",2021,"Kenya","Cosmopolitan AF1b"
"Z0083224",2021,"Kenya","Cosmopolitan AF1b"
"Z0083225",2021,"Kenya","Cosmopolitan AF1b"
"Z0083226",2021,"Kenya","Cosmopolitan AF1b"
"Z0083227",2021,"Kenya","Cosmopolitan AF1b"
"Z0083228",2021,"Kenya","Cosmopolitan AF1b"
"Z0083229",2021,"Kenya","Cosmopolitan AF1b"
"Z0083231",2021,"Kenya","Cosmopolitan AF1b"
"Z0083233",2021,"Kenya","Cosmopolitan AF1b"
"Z0083234",2021,"Kenya","Cosmopolitan AF1b"
"Z0083235",2021,"Kenya","Cosmopolitan AF1b"
"Z0083236",2021,"Kenya","Cosmopolitan AF1b"
"Z0083237",2021,"Kenya","Cosmopolitan AF1b"
"Z0083239",2021,"Kenya","Cosmopolitan AF1b"
"Z0083240",2021,"Kenya","Cosmopolitan AF1b"
"Z0083243",2021,"Kenya","Cosmopolitan AF1b"
"Z00832441",2021,"Kenya","Cosmopolitan AF1b"
"Z00832442",2021,"Kenya","Cosmopolitan AF1b"
"Z00832443",2021,"Kenya","Cosmopolitan AF1b"
"Z0083245",2021,"Kenya","Cosmopolitan AF1b"
"Z0083249",2022,"Kenya","Cosmopolitan AF1b"
"Z0083252",2021,"Kenya","Cosmopolitan AF1b"
"Z0083253",2021,"Kenya","Cosmopolitan AF1b"
"Z0083261",2022,"Kenya","Cosmopolitan AF1b"
"Z0083262",2022,"Kenya","Cosmopolitan AF1b"
"Z0083263",2022,"Kenya","Cosmopolitan AF1b"
"Z0083265",2021,"Kenya","Cosmopolitan AF1b"
"Z0829313",2022,"Kenya","Cosmopolitan AF1b"
"Z0829323",2022,"Kenya","Cosmopolitan AF1b"
"Z0829325",2022,"Kenya","Cosmopolitan AF1b"
"Z0829333",2022,"Kenya","Cosmopolitan AF1b"
"Z0829334",2022,"Kenya","Cosmopolitan AF1b"
"Z0829335",2022,"Kenya","Cosmopolitan AF1b"
"Z0829337",2022,"Kenya","Cosmopolitan AF1b"
"Z0829340",2022,"Kenya","Cosmopolitan AF1b"
"Z0829341",2022,"Kenya","Cosmopolitan AF1b"
"Z0829343",2022,"Kenya","Cosmopolitan AF1b"
"Z0829344",2022,"Kenya","Cosmopolitan AF1b"
"Z0828879",2018,"Kenya",""
